{"stats":{"minecraft:picked_up":{"minecraft:repeater":156,"minecraft:exposed_copper_bulb":6,"minecraft:wooden_sword":8,"minecraft:sticky_piston":23,"minecraft:glass":1,"minecraft:comparator":117,"minecraft:smooth_stone":2,"minecraft:redstone_torch":75,"minecraft:blue_shulker_box":10,"minecraft:soul_sand":1,"minecraft:copper_bulb":1,"minecraft:dropper":64,"minecraft:sand":9,"minecraft:light_blue_shulker_box":7,"minecraft:redstone":796,"minecraft:lever":60,"minecraft:polished_blackstone_button":1,"minecraft:writable_book":6,"minecraft:birch_sign":1,"minecraft:spruce_button":1,"minecraft:oak_button":12,"minecraft:obsidian":64},"minecraft:used":{"minecraft:wheat_seeds":55,"minecraft:water_bucket":12,"minecraft:light_blue_shulker_box":3,"minecraft:writable_book":11,"minecraft:dropper":96,"minecraft:dispenser":1,"minecraft:redstone":3879,"minecraft:oak_sign":22,"minecraft:blue_wool":63,"minecraft:chest":1,"minecraft:sandstone":284,"minecraft:composter":26,"minecraft:redstone_block":256,"minecraft:spruce_sign":1,"minecraft:beacon":12,"minecraft:bell":2,"minecraft:glow_ink_sac":2,"minecraft:white_wool":12,"minecraft:spyglass":11,"minecraft:diamond_block":217,"minecraft:pale_oak_sign":4,"minecraft:soul_sand":4,"minecraft:sand":43,"minecraft:target":276,"minecraft:comparator":713,"minecraft:hopper":19,"minecraft:crimson_trapdoor":19,"minecraft:light_blue_wool":75,"minecraft:crafter":33,"minecraft:birch_sign":22,"minecraft:orange_wool":161,"minecraft:shulker_box":4,"minecraft:note_block":27,"minecraft:cyan_wool":81,"minecraft:cake":123,"minecraft:obsidian":160,"minecraft:deepslate_tile_wall":34,"minecraft:redstone_torch":741,"minecraft:deepslate_tiles":28,"minecraft:oak_log":1,"minecraft:sticky_piston":426,"minecraft:glass":181,"minecraft:piston":223,"minecraft:lever":262,"minecraft:light":3,"minecraft:honey_block":58,"minecraft:command_block":6,"minecraft:red_wool":7,"minecraft:spruce_button":9,"minecraft:brown_stained_glass":3,"minecraft:oak_button":41,"minecraft:slime_block":246,"minecraft:green_wool":842,"minecraft:lectern":27,"minecraft:pink_wool":449,"minecraft:copper_bulb":690,"minecraft:yellow_wool":162,"minecraft:item_frame":2,"minecraft:birch_button":2,"minecraft:repeater":709,"minecraft:redstone_lamp":72,"minecraft:exposed_copper_bulb":86,"minecraft:magma_block":5,"minecraft:blue_shulker_box":1,"minecraft:written_book":2,"minecraft:iron_trapdoor":19,"minecraft:lime_stained_glass":6,"minecraft:deepslate_tile_stairs":15,"minecraft:pink_shulker_box":1,"minecraft:magenta_glazed_terracotta":4,"minecraft:smooth_stone_slab":26,"minecraft:polished_blackstone_button":3,"minecraft:observer":649,"minecraft:smooth_stone":3326,"minecraft:purple_wool":67,"minecraft:gray_stained_glass":5},"minecraft:dropped":{"minecraft:blue_shulker_box":12,"minecraft:yellow_wool":1,"minecraft:comparator":2,"minecraft:slime_block":1,"minecraft:exposed_copper_bulb":2,"minecraft:writable_book":1,"minecraft:wooden_sword":8,"minecraft:copper_bulb":1,"minecraft:sand":3,"minecraft:glass":1,"minecraft:smooth_stone":2,"minecraft:light_blue_shulker_box":3,"minecraft:redstone":2},"minecraft:custom":{"minecraft:inspect_dropper":205,"minecraft:inspect_hopper":7,"minecraft:tune_noteblock":14,"minecraft:open_shulker_box":51,"minecraft:bell_ring":15,"minecraft:leave_game":67,"minecraft:time_since_death":13130723,"minecraft:time_since_rest":13130723,"minecraft:sprint_one_cm":58676,"minecraft:walk_one_cm":627798,"minecraft:drop":36,"minecraft:interact_with_beacon":4,"minecraft:fly_one_cm":15684025,"minecraft:open_chest":30,"minecraft:crouch_one_cm":219538,"minecraft:play_time":13130723,"minecraft:sneak_time":984165,"minecraft:interact_with_lectern":330,"minecraft:jump":4530,"minecraft:walk_on_water_one_cm":337,"minecraft:total_world_time":14836121,"minecraft:inspect_dispenser":17}},"DataVersion":4189}